,cnpj,razao_social,nome_fantasia,data_situacao_cadastral,data_inicio_atividade,cnae_fiscal,descricao_tipo_logradouro,logradouro,numero,bairro,municipio,cep,uf,correio_eletronico,qualificacao_responsavel,capital_social_empresa,porte_empresa,opcao_pelo_simples,data_opcao_pelo_simples,data_exclusao_simples,opcao_pelo_mei,situacao_especial,data_situacao_especial,jusbrasil,inidonea,numero_cnae,score,lat,lon
0,1611487000101,ESTATUTO DO CONSELHO ESCOLAR,CENTRO DE EDUCACAO RURAL PROF MARIA JOSE DE MELO - CERU,2019-02-21,1996-12-30,6630400,,LOC POV LARANJEIR DO ABDIAS,S/N,LARANJEIRAS ABDIAS,SAO JOSE DE MIPIBU,59162000,RN,,16,0,5,0,,,N,,,0,0,1,0.0,-6.1609057,-35.3130388
1,1930116000192,CAIXA ESCOLAR DA ESCOLA MUNICIPAL PROF SEVERINO BEZERRA DEMELO,,2019-02-21,1997-06-09,6630400,RUA,OLAVO FELICIANO,131,CENTRO,SAO JOSE DE MIPIBU,59162000,RN,,16,0,5,0,,,N,,,0,0,1,0.0,-6.0704758,-35.2392805
2,1938152000100,CAIXA ESCOLAR DA ESCOLA MUNICIPAL CONEGO PEDRO PAULINO,ESCOLA MUNICIPAL CONEGO PEDRO PAULINO,2019-02-21,1997-06-23,6630400,,MENDES,S/N,DISTRITO DE MENDES,SAO JOSE DE MIPIBU,59162000,RN,,16,0,5,0,,,N,,,0,0,1,0.0,-5.983333,-35.3
3,1938154000191,CAIXA ESCOLAR DA ESCOLA MUNICIPAL JULIO FERREIRA DA SILVA,,2019-02-21,1997-06-23,6630400,,LARANJEIRAS DOS COSMES,S/N,LARANJ. DOS COSMES,SAO JOSE DE MIPIBU,59162000,RN,,16,0,5,0,,,N,,,0,0,1,0.0,-6.0508004,-35.2585581
4,1938369000102,CAIXA ESCOLAR DA ESCOLA MUNICIPAL MARIA SALETE DE LIMA,ESCOLA MUNICIPAL MARIA SALETE DE LIMA,2019-02-21,1997-06-23,6630400,SITIO,JAPECANGA,S/N,DIST DE JAAPECANGA,SAO JOSE DE MIPIBU,59162000,RN,,16,0,5,0,,,N,,,0,0,1,0.0,-5.9379523,-35.3144296
5,1938374000115,CAIXA ESCOLAR DA ESCOLA MUNICIPAL PREFEITO JANILSON FERREIRA,ESCOLA MUNICIPAL PREFEITO JANILSON FERREIRA,2019-02-21,1997-06-23,6630400,,ARENA,S/N,DISTRITO DO ARENA,SAO JOSE DE MIPIBU,59162000,RN,,16,0,5,0,,,N,,,0,0,1,0.0,-6.0742528,-35.2369601
6,1938376000104,CAIXA ESCOLAR DA ESCOLA MUNICIPAL JENUINO DE SOUZA MENINO,ESCOLA MUNICIPAL JENUINO DE SOUZA MENINO,2019-02-22,1997-06-25,6630400,,MANIMBU,S/N,DISTRITO DE MANIMBU,SAO JOSE DE MIPIBU,59162000,RN,,16,0,5,0,,,N,,,0,0,1,0.0,-6.1105642,-35.2748891
7,1938377000159,CAIXA ESCOLAR DA ESCOLA MUNICIPAL CLORIS TRIGUEIRO PEIXOTO,ESCOLA MUNICIPAL PROFESSOR CLORIS TRIGUEIRO PEIXOTO,2019-02-21,1997-06-23,6630400,RUA,DAS JAQUEIRAS,S/N,PAU BRASIL,SAO JOSE DE MIPIBU,59162000,RN,,16,0,5,0,,,N,,,0,0,1,0.0,-6.0508004,-35.2585581
8,2567270000104,CLAREAR COMERCIO E SERVICOS DE MAO DE OBRA - EIRELI,CLAREAR COMERCIO E SERVICO DE MAO DE OBRA LTDA,2005-11-03,1998-06-04,7820500,AVENIDA,DEODORO DA FONSECA,844,CIDADE ALTA,NATAL,59025225,RN,ACERTCONTABIL@GMAIL.COM,65,300000,1,0,,,N,,,0,0,16,5.33333333333333,-5.7882111,-35.204594
9,2776800000124,TRANSPORTADORA SAO TOME LTDA,,1998-09-30,1998-09-30,4930201,RUA,JOAO XAVIER PEREIRA SOBRAL,345-A,CENTRO,CEARA-MIRIM,59570000,RN,,49,0,5,0,,,N,,,0,0,0,0.0,-5.650983399999999,-35.4217803
10,2776837000152,TRANSPORTADORA SAO TOME LTDA,,1998-09-30,1998-09-30,4930201,RUA,JOAO XAVIER PEREIRA SOBRAL,345-A,CENTRO,CEARA-MIRIM,59570000,RN,,49,0,5,0,,,N,,,0,0,0,0.0,-5.650983399999999,-35.4217803
11,3150649000187,CAIXA ESCOLAR DA ESCOLA MUNICIPAL PROF ANGELINA VASCONCELOS DE FARIA,,2019-02-21,1999-05-12,6630400,RUA,RAFAEL FERNANDES,S/N,BAIRRO NOVO,SAO JOSE DE MIPIBU,59162000,RN,,16,0,5,0,,,N,,,0,0,1,0.0,-6.0638553,-35.2398507
12,3157125000118,CAIXA ESCOLAR DA ESCOLA MUNICIPAL MARIA APARECIDA FERREIRA DE CARVALHO,,2019-02-21,1999-05-13,6630400,AVENIDA,SENADOR JOAO CAMARA,SN,TANCREDO NEVES,SAO JOSE DE MIPIBU,59162000,RN,,16,0,5,0,,,N,,,0,0,1,0.0,-6.063777,-35.2535481
13,3157155000124,CAIXA ESCOLAR DA ESCOLA MUNICIPAL EUSA DE MELO PALHANO,,2019-02-21,1999-05-13,6630400,RUA,JACUIPE,S/N,CENTRO,SAO JOSE DE MIPIBU,59162000,RN,,16,0,5,0,,,N,,,0,0,1,0.0,-6.0801709,-35.2375765
14,3177272000150,CAIXA ESCOLAR DA ESCOLA MUNICIPAL JANILSON FERREIRA,,2019-02-21,1999-05-24,6630400,SITIO,BURACOS,S/N,ZONA RURAL,SAO JOSE DE MIPIBU,59162000,RN,,16,0,5,0,,,N,,,0,0,1,0.0,-6.0742528,-35.2369601
15,3177299000142,CAIXA ESCOLAR DA ESCOLA MUNICIPAL JORGE FERREIRA DA SILVA,,2019-02-21,1999-05-26,6630400,SITIO,COBE,S/N,ZONA RURAL,SAO JOSE DE MIPIBU,59162000,RN,,16,0,5,0,,,N,,,0,0,1,0.0,-6.0742528,-35.2369601
16,3181993000133,CAIXA ESCOLAR DA ESCOLA MUNICIPAL JOSE GOMES DE LIMA,ESCOLA MUNICIPAL JOSE GOMES DE LIMA,2019-02-21,1999-05-24,6630400,SITIO,JACARACICA,SN,ZONA RURAL,SAO JOSE DE MIPIBU,59162000,RN,,16,0,5,0,,,N,,,0,0,1,0.0,-6.0190777,-35.3573989
17,3364553000111,ASSOC. DOS TRAB RURAIS DA AGROVILA NOVA ESPERANCA P. A. ROSARIO,,2005-11-03,1999-08-20,9430800,,ACENTAMENTO ROSARIO,S/N,ZONA RURL,CEARA-MIRIM,59570000,RN,associacaorosario@gmail.com,16,0,5,0,,,N,,,0,0,3,0.0,-5.6395379,-35.4237292
18,3826303000156,LOTERIA ZONA SUL LTDA,LOTERIA ZONA SUL,2005-11-03,2000-05-22,8299706,AVENIDA,AYRTON SENNA,1404,PARQUE DOS EUCALIPTO,PARNAMIRIM,59150000,RN,,49,0,1,5,2007-07-01,,N,,,0,0,0,0.0,-5.8885893,-35.19938560000001
19,3826303000237,LOTERIA ZONA SUL LTDA,LOTERIA CASA DA SORTE,2005-11-03,2001-12-04,8299706,AVENIDA,DAS ALAGOAS,1216,NEPOLIS,NATAL,59086200,RN,,49,0,1,5,2007-07-01,,,,,0,0,0,0.0,-5.865600199999999,-35.20665109999999
20,3954830000146,DEPOSITO DE GAS SAO TOME LTDA,,2005-08-27,2000-07-20,4784900,AVENIDA,XAVANTES,1970,PITIMBU,NATAL,59068600,RN,IVO@GRUPOSAOTOME.COM.BR,49,0,5,0,,,N,,,0,0,4,0.0,-5.8585878,-35.2334087
21,3954830000227,DEPOSITO DE GAS SAO TOME LTDA,,2004-02-12,2000-10-16,4784900,AVENIDA,XAVIER  DA  SILVEIRA,1747,MORRO BRANCO,NATAL,59075430,RN,,49,0,5,0,,,,,,0,0,0,0.0,-5.819006099999999,-35.201088
22,3954830000308,DEPOSITO DE GAS SAO TOME LTDA,DEPOSITO DE CEARA MIRIM,2007-07-30,2007-07-30,4784900,RUA,JOAO XAVIER PEREIRA SOBRAL,345,CENTRO,CEARA-MIRIM,59570000,RN,ivonilsonme@samnet.com.br,49,0,5,0,,,,,,0,0,1,0.0,-5.650983399999999,-35.4217803
23,3954830000499,DEPOSITO DE GAS SAO TOME LTDA,DEPOSITO DE JOAO CAMARA,2007-10-22,2007-10-22,4784900,RUA,ANTONIO PROENCA,601,CENTRO,JOAO CAMARA,59550000,RN,ivonilsonme@samnet.com.br,49,0,5,0,,,,,,0,0,1,0.0,-5.537023899999999,-35.8167053
24,3954830000570,DEPOSITO DE GAS SAO TOME LTDA,,2018-10-04,2009-11-09,4784900,RUA,CAMPINA GRANDE,70,CIDADE DA ESPERANCA,NATAL,59070150,RN,joselinotomas28@hotmail.com,49,0,5,0,,,,,,0,0,1,0.0,-5.8225332,-35.2363092
25,3954830000650,DEPOSITO DE GAS SAO TOME LTDA,,2012-03-28,2009-11-09,4784900,AVENIDA,RIO GRANDE DO SUL,81,CIDADE DA ESPERANCA,NATAL,59071300,RN,joselinotomas28@hotmail.com,49,0,5,0,,,,,,0,0,0,0.0,-5.8231283,-35.240063
26,3954830000731,DEPOSITO DE GAS SAO TOME LTDA,,2009-11-09,2009-11-09,4784900,RUA,JOAO TEIXEIRA,62,CENTRO,MACAU,59500000,RN,gilvandantas@ig.com.br,49,0,5,0,,,,,,0,0,1,0.0,-5.1139307,-36.63797479999999
27,3954830000812,DEPOSITO DE GAS SAO TOME LTDA,,2012-03-28,2009-11-09,4784900,RUA,JOAO MACHADO GUIMARAES,26,CENTRO,LAGOA NOVA,59390000,RN,gilvandantas@ig.com.br,49,0,5,0,,,,,,0,0,1,0.0,-6.0937388,-36.4681679
28,3954830000901,DEPOSITO DE GAS SAO TOME LTDA,,2015-05-15,2009-11-09,4784900,AVENIDA,DEP ANTONIO FLORENCIO DE QUEIROZ,2327,PONTA NEGRA,NATAL,59092500,RN,joselinotomas28@hotmail.com,49,0,5,0,,,,,,0,0,1,0.0,-5.8891719,-35.1803065
29,3954830001037,DEPOSITO DE GAS SAO TOME LTDA,,2015-05-15,2009-11-09,4784900,RUA,NELSON MATOS,1159,NOVA DESCOBERTA,NATAL,59075380,RN,joselinotomas28@hotmail.com,49,0,5,0,,,,,,0,0,1,0.0,-5.8246734,-35.1983486
30,3954830001118,DEPOSITO DE GAS SAO TOME LTDA,,2015-05-15,2009-11-09,4784900,RUA,JUIZ DE FORA,2951,NEOPOLIS,NATAL,59086440,RN,joselinotomas28@hotmail.com,49,0,5,0,,,,,,0,0,1,0.0,-5.869299799999999,-35.2093962
31,3954830001207,DEPOSITO DE GAS SAO TOME LTDA,,2015-05-15,2009-11-09,4784900,RUA,SAO JOSE,25,LAGOA NOVA,NATAL,59031630,RN,joselinotomas28@hotmail.com,49,0,5,0,,,,,,0,0,1,0.0,-5.820249899999999,-35.2154379
32,3954830001380,DEPOSITO DE GAS SAO TOME LTDA,,2015-05-15,2009-11-09,4784900,RUA,JOAO MARTINS NASCIMENTO,91,CENTRO,JAPI,59213000,RN,gilvandantas@ig.com.br,49,0,5,0,,,,,,0,0,1,0.0,-6.465897900000001,-35.9452648
33,3954830001460,DEPOSITO DE GAS SAO TOME LTDA,,2015-05-15,2009-11-09,4784900,RUA,JOANA DARC,1755,CANDELARIA,NATAL,59065620,RN,joselinotomas28@hotmail.com,49,0,5,0,,,,,,0,0,0,0.0,-5.8331646,-35.2208487
34,3954830001541,DEPOSITO DE GAS SAO TOME LTDA,,2009-11-09,2009-11-09,4784900,RUA,CORONEL JOAQUIM TEIXEIRA,235 A,CENTRO,LAJES,59535000,RN,IVOLOPES@GRUPOSAOTOME.COM.BR,49,0,5,0,,,,,,0,0,1,0.0,-5.6943529,-36.2375939
35,3954830001622,DEPOSITO DE GAS SAO TOME LTDA,,2015-05-15,2009-11-09,4784900,AVENIDA,GASTAO MARIZ DE FARIA,33,NOVA PARNAMIRIM,PARNAMIRIM,59152110,RN,joselinotomas28@gmail.com,49,0,5,0,,,,,,0,0,1,0.0,-5.8908074,-35.192633
36,3954830001703,DEPOSITO DE GAS SAO TOME LTDA,,2009-11-09,2009-11-09,4784900,RUA,GENERAL OZORIO,737,CENTRO,BARCELONA,59410000,RN,gilvandantas@ig.com.br,49,0,5,0,,,,,,0,0,1,0.0,-5.9513419,-35.9274014
37,3954830001894,DEPOSITO DE GAS SAO TOME LTDA,,2018-10-18,2009-11-09,4784900,RUA,TOTA AZEVEDO,702,CENTRO,RIACHUELO,59470000,RN,gilvandantas@ig.com.br,49,0,5,0,,,,,,0,0,1,0.0,-5.814502999999999,-35.8240068
38,3954830001975,DEPOSITO DE GAS SAO TOME LTDA,,2012-03-28,2009-11-09,4784900,RUA,RITINHA COELHO,80,LAGOA SECA,NATAL,59032220,RN,joselinotomas28@hotmail.com,49,0,5,0,,,,,,0,0,0,0.0,-5.8091016,-35.2137843
39,3954830002009,DEPOSITO DE GAS SAO TOME LTDA,,2012-03-28,2009-11-09,4784900,RUA,AGNALDO GURGEL JUNIOR,1016,CANDELARIA,NATAL,59066030,RN,joselinotomas28@hotmail.com,49,0,5,0,,,,,,0,0,0,0.0,-5.8479791,-35.2167771
40,3954830002190,DEPOSITO DE GAS SAO TOME LTDA,,2014-03-28,2009-11-09,4784900,RUA,UBERLANDIA,4549,NOVA PARNAMIRIM,PARNAMIRIM,59150110,RN,joselinotomas28@hotmail.com,49,0,5,0,,,,,,0,0,0,0.0,-5.8723171,-35.2140929
41,3954830002270,DEPOSITO DE GAS SAO TOME LTDA,,2014-03-28,2009-11-09,4784900,AVENIDA,PROF OLAVO MONTENEGRO,2990,CAPIM MACIO,NATAL,59078330,RN,joselinotomas28@hotmail.com,49,0,5,0,,,,,,0,0,0,0.0,-5.848114799999999,-35.2020378
42,3954830002351,DEPOSITO DE GAS SAO TOME LTDA,,2010-08-18,2010-08-18,4784900,RUA,ANALIA JOVEM DE PAULA,143,PARQUE INDUSTRIAL,PARNAMIRIM,59149196,RN,joselinotomas28@hotmail.com,49,0,5,0,,,,,,0,0,1,0.0,-5.884585,-35.2529673
43,3954830002432,DEPOSITO DE GAS SAO TOME LTDA,,2010-08-18,2010-08-18,4784900,RUA,DO COITE,180,CENTRO,MACAIBA,59280000,RN,IVOLOPES@GRUPOSAOTOME.COM.BR,49,0,5,0,,,,,,0,0,1,0.0,-5.8512315,-35.354505
44,4833413000108,PRESERVICE RECURSOS HUMANOS LTDA,PRESERVICE,2002-10-12,2001-12-21,7810800,AVENIDA,CAPITAO MOR GOUVEIA - CEASA SHOPPING,3005,LAGOA NOVA,NATAL,59076400,RN,preservice@uol.com.br,49,260000,5,0,,,N,,,0,0,1,0.0,-5.823292299999999,-35.2251497
45,4839900000188,AUTO POSTO SAO TOME LTDA,,2005-08-27,2001-12-18,4731800,AVENIDA,BEL. TOMAZ LANDIM,1340,OLHO DAGUA,SAO GONCALO DO AMARANTE,59290000,RN,IVOLOPES@GRUPOSAOTOME.COM.BR,49,150000,5,0,,,N,,,0,0,5,1.6666666666666698,-5.776098,-35.2532834
46,4839900000269,AUTO POSTO SAO TOME LTDA,DISTRIBUIDORA SAO TOME LTDA,2004-03-26,2002-09-12,4681805,AVENIDA,TOMAZ LANDIM SALA C,1340,NOVA ZELANDIA,SAO GONCALO DO AMARANTE,59290000,RN,IVONILSONME@SAMNET.COM.BR,49,0,5,0,,,,,,0,0,0,0.0,-5.7669866,-35.2769408
47,4839900000340,AUTO POSTO SAO TOME LTDA,POSTO SAO TOME II,2006-03-08,2006-03-08,4731800,RUA,BARAO DO RIO BRANCO,190,CENTRO,SAO TOME,59400000,RN,IVONILSONME@SAMNET.COM.BR,49,0,5,0,,,,,,0,0,3,0.0,0.0,0.0
48,4839900000420,AUTO POSTO SAO TOME LTDA,AUTO POSTO SAO TOME,2008-08-26,2008-08-26,4731800,RUA,IRMA ALUISIA,502,CENTRO,CAICARA DO NORTE,59592000,RN,IVOLOPES@GRUPOSAOTOME.COM.BR,49,0,5,0,,,,,,0,0,3,0.0,-5.1408124,-35.9805528
49,4839900000501,AUTO POSTO SAO TOME LTDA,POSTO SAO TOME IV,2009-05-05,2009-05-05,4731800,AVENIDA,17 DE SETEMBRO,7,CENTRO,RIO DO FOGO,59578000,RN,IVOLOPES@GRUPOSAOTOME.COM.BR,49,0,5,0,,,,,,0,0,3,0.0,-5.276305799999999,-35.383351
50,4839900000692,AUTO POSTO SAO TOME LTDA,,2010-04-08,2010-04-08,4731800,AVENIDA,ANTONIO BASILIO,2015,MURIU,CEARA-MIRIM,59570000,RN,IVOLOPES@GRUPOSAOTOME.COM.BR,49,0,5,0,,,,,,0,0,3,0.0,-5.566152799999999,-35.2432305
51,4839900000773,AUTO POSTO SAO TOME LTDA,AUTO POSTO SAO TOME VI,2011-10-06,2011-10-06,4731800,RUA,CORONEL JOAQUIM TEIXEIRA,235,CENTRO,LAJES,59535000,RN,IVOLOPES@GRUPOSAOTOME.COM.BR,49,0,5,0,,,,,,0,0,3,0.0,-5.6943529,-36.2375939
52,4839900000854,AUTO POSTO SAO TOME LTDA,AUTO POSTO SAO TOME VII,2011-11-01,2011-11-01,4731800,AVENIDA,DOS ARRECIFES,245,CENTRO,SAO MIGUEL DO GOSTOSO,59585970,RN,IVOLOPES@GRUPOSAOTOME.COM.BR,49,0,5,0,,,,,,0,0,3,0.0,-5.1957184,-35.7100589
53,5088203000103,SUPERCOOP COOP DE PRESTACAO DE SERVICOS VAREJISTAS DE SUPERMERCADOS DO RN,SUPERCOOP,2018-11-07,2002-02-25,7490104,RUA,SAO LUIS,180,CIDADE DA ESPERANCA,NATAL,59070055,RN,alvaro_alka@interjato.com.br,16,0,5,0,,,N,,,0,0,0,0.0,-5.8253438,-35.2329051
54,6073039000115,G4 LAVAGEM AUTOMOTIVA LTDA,,2005-07-16,2004-01-23,4520005,AVENIDA,GOV. TARCISIO DE VASCONCELOS MAIA,1450,CANDELARIA,NATAL,59065780,RN,,49,0,3,5,2007-07-01,,N,,,0,0,0,0.0,-5.8375146,-35.226999
55,6177153000195,ASSOCIACAO PARA O DESENVOLVIMENTO DA MULHER DE SAO JOSE DE PEDREGULHO,A D M,2003-12-16,2003-12-16,9430800,RUA,SAO JOSE,S/N,A. SAO J. PEDREGULHO,CEARA-MIRIM,59570000,RN,mulheresdepedregulho@yahoo.com.br,16,0,5,0,,,N,,,0,0,3,0.0,-5.6361263,-35.4289855
56,6871259000194,CAIXA ESCOLAR DA ESCOLA MUNICIPAL FELIPE TAVARES DE PAIVA,,2019-02-21,2004-07-20,6630400,,POVOADO DE TABORDA,SN,ZONA RURAL,SAO JOSE DE MIPIBU,59162000,RN,,16,0,5,0,,,N,,,0,0,1,0.0,-5.9757102,-35.2783602
57,7018761000110,W B COMERCIO E SERVICOS LTDA,UNIVERSAL COMERCIO,2004-10-01,2004-10-01,4691500,RUA,CAPITAO DOBICO,2425,LAGOA NOVA,NATAL,59063340,RN,PARALEGAL@ELITECONSULTORES.COM.BR,49,1500000,1,8,2007-07-01,2011-12-31,N,,,0,0,69,23.0,-5.820337299999999,-35.2199246
58,7018761000209,W B COMERCIO E SERVICOS LTDA,UNIVERSAL COMERCIO,2014-11-25,2014-11-25,4691500,AVENIDA,ANTONIO BASILIO,3006,LAGOA NOVA,NATAL,59056005,RN,PARALEGAL@ELITECONSULTORES.COM.BR,49,0,1,8,2007-07-01,2011-12-31,,,,0,0,69,23.0,-5.8145546,-35.20822500000001
59,7099048000148,ASSOCIACAO DO PROJETO DE ASSENTAMENTO E REF AGRARIA RIACHAO,,2004-11-18,2004-11-18,9430800,,COMUNIDADE DE RIACHAO,S/N,ZONA RURAL,CEARA-MIRIM,59570000,RN,associacaoref@gmail.com,16,0,5,0,,,N,,,0,0,3,0.0,-5.6435838,-35.4389966
60,7442731000136,JMT SERVICOS DE LOCACAO DE MAO DE OBRA LTDA,JMT SERVICE LOCACAO DE MAO DE OBRA,2005-06-17,2005-06-17,7820500,RUA,DOS POTIGUARES,2300,NOSSA SENHORA DE NAZARE,NATAL,59062280,RN,ACERTCONTABIL@GMAIL.COM,49,12000000,5,0,,,N,,,0,0,20,6.66666666666667,-5.8163398,-35.22420960000001
61,7513355000123,CAIXA ESCOLAR DA ESCOLA MUNICIPAL VEREADOR ANTONIO FERREIRA DA SILVA,CAIXA ESCOLAR,2019-02-21,2005-07-27,6630400,,LOCALIDADE DE QUEBRA FUZIL,-,QUEBRA FUZIL,SAO JOSE DE MIPIBU,59162000,RN,,16,0,5,0,,,N,,,0,0,1,0.0,-6.0628125,-35.2436914
62,7513384000195,CAIXA ESCOLAR DA ESCOLA MUNICIPAL BERNARDO DE SOUZA DE COUTINHO,CAIXA ESCOLAR,2019-02-21,2005-07-27,6630400,,LOCALIDADE DE AREIA BRANCA,S/N,AREIA BRANCA,SAO JOSE DE MIPIBU,59162000,RN,,16,0,5,0,,,N,,,0,0,1,0.0,-6.029963599999999,-35.23831759999999
63,7527703000111,CAIXA ESCOLAR DA ESCOLA MUNICIPAL PROFESSORA SEVERINA FERREIRA DA SILVA,CAIXA ESCOLAR,2019-02-21,2005-07-27,6630400,,LOCALIDADE DE MENDEZINHO,S/N,MENDEZINHO,SAO JOSE DE MIPIBU,59162000,RN,,16,0,5,0,,,N,,,0,0,1,0.0,-6.0742528,-35.2369601
64,8091529000170,COMERCIAL ZONA SUL LTDA,,2006-06-23,2006-06-23,4639701,AVENIDA,PAULO MANGABEIRA DE ARAUJO,SN,JARDIM POTIGUAR,MACAIBA,59280000,RN,zonasul_setorcontabil@yahoo.com.br,49,265000,1,6,2007-07-01,2009-12-31,N,,,0,0,14,4.66666666666667,-5.8552816,-35.3524251
65,8345105000194,ASSOCIACAO DE MULHERES LUTADORAS DE LILAS DO BOQUEIRAO,,2006-05-09,2006-05-09,161099,SITIO,BOQUEIRAO,SN,ZONA RURAL,TOUROS,59584000,RN,,16,0,5,0,,,N,,,0,0,32,10.6666666666667,-5.1961669,-35.4635381
66,8378909000190,CAIXA ESCOLAR DA ESCOLA MUNICIPAL MARCINA GALVAO DE AZEVEDO,ESCOLA MUNICIPAL MARCINA GALVAO DE AZEVEDO,2018-11-07,2006-09-19,6630400,RUA,26 DE JULHO,284,CENTRO,SAO JOSE DE MIPIBU,59162000,RN,,16,0,5,0,,,N,,,0,0,1,0.0,-6.0706161,-35.2381276
67,8700130000149,IVO NILSON LOPES DE MEDEIROS EIRELI,,2003-07-26,1983-11-29,4784900,TRAVESSA,FRANCISCO ANTONIO,S/N,CENTRO,SAO TOME,59400000,RN,IVOLOPES@GRUPOSAOTOME.COM.BR,65,88000,5,0,,,N,,,0,0,1,0.0,-5.9840258,-36.1328132
68,8700130000220,IVO NILSON LOPES DE MEDEIROS EIRELI,,2003-07-26,1997-02-14,4784900,RUA,VINT E SETE DE MARCO,550,CENTRO,TOUROS,59584000,RN,IVOLOPES@GRUPOSAOTOME.COM.BR,65,0,5,0,,,,,,0,0,1,0.0,-5.1952181,-35.4688089
69,8700130000300,IVO NILSON LOPES DE MEDEIROS EIRELI,,2003-07-26,1997-10-14,4784900,RUA,SAO FELIX,182,CONJ CONEGO MONTE,SANTA CRUZ,59200000,RN,IVOLOPES@GRUPOSAOTOME.COM.BR,65,0,5,0,,,,,,0,0,1,0.0,-6.23359,-36.012249
70,8700130000491,IVO NILSON LOPES DE MEDEIROS EIRELI,,2018-09-13,2000-03-28,4784900,AVENIDA,SEBASTIAO FERREIRA LIMA,65,CENTRO,TANGARA,59240000,RN,IVOLOPES@GRUPOSAOTOME.COM.BR,65,0,5,0,,,,,,0,0,0,0.0,-6.2012339,-35.8011046
71,8700130000572,IVO NILSON LOPES DE MEDEIROS EIRELI,,2004-11-22,2001-04-27,4784900,RUA,PAULO AFONSO,757,PARAISO,SANTA CRUZ,59200000,RN,,65,0,5,0,,,,,,0,0,0,0.0,-6.2314015,-36.0276815
72,8700130000653,IVO NILSON LOPES DE MEDEIROS EIRELI,,2004-12-29,2001-05-16,4784900,RUA,JOSE CAMINHA FIUZA,210,CENTRO,SANTA CRUZ,59200000,RN,,65,0,5,0,,,,,,0,0,0,0.0,-6.227563,-36.0216173
73,8700130000734,IVO NILSON LOPES DE MEDEIROS EIRELI,,2004-12-28,2001-05-29,4784900,RUA,SANTA IZABEL,34,CONJ CONEGO MONTE,SANTA CRUZ,59200000,RN,,65,0,5,0,,,,,,0,0,0,0.0,-6.2292689,-36.0095143
74,8700130000815,IVO NILSON LOPES DE MEDEIROS EIRELI,,2010-03-31,2010-03-31,4784900,RUA,JOAO SALVADOR,24,OLHO DAGUA DOS CARRILHOS,SAO GONCALO DO AMARANTE,59290000,RN,IVOLOPES@GRUPOSAOTOME.COM.BR,65,0,5,0,,,,,,0,0,1,0.0,-12.977749,-38.5016301
75,8700130000904,IVO NILSON LOPES DE MEDEIROS EIRELI,IVO NILSON LOPES DE MEDEIROS ME,2015-03-16,2010-05-05,4784900,RUA,BAIXA VERDE,103,PORTO SAO PEDRO,MACAU,59500000,RN,joselinotomas28@hotmail.com,65,0,5,0,,,,,,0,0,1,0.0,-5.109522699999999,-36.6288163
76,8700130001030,IVO NILSON LOPES DE MEDEIROS EIRELI,,2016-09-09,2010-07-01,4784900,ESTRADA,RN 160,1500,CENTRO,EXTREMOZ,59575000,RN,IVOLOPES@GRUPOSAOTOME.COM.BR,65,0,5,0,,,,,,0,0,0,0.0,-5.885472900000001,-35.3671929
77,8700130001110,IVO NILSON LOPES DE MEDEIROS EIRELI,,2015-03-16,2010-09-13,4784900,RUA,DR HERACLITO VILAR,999,CENTRO,MACAIBA,59280000,RN,joselinotomas28@hotmail.com,65,0,5,0,,,,,,0,0,0,0.0,-5.8661221,-35.3452079
78,8700130001200,IVO NILSON LOPES DE MEDEIROS EIRELI,,2016-09-09,2010-09-03,4784900,RUA,IRACI PEREIRA MACHADO,141,LOT NOVO SAO GONCALO,SAO GONCALO DO AMARANTE,59290000,RN,IVOLOPES@GRUPOSAOTOME.COM.BR,65,0,5,0,,,,,,0,0,0,0.0,-5.792934,-35.336634
79,8700130001382,IVO NILSON LOPES DE MEDEIROS EIRELI,,2015-03-16,2010-09-08,4784900,RUA,DOS GIRASSOIS,26,JARDIM PETROPOLIS,SAO GONCALO DO AMARANTE,59290000,RN,joselinotomas28@hotmail.com,65,0,5,0,,,,,,0,0,0,0.0,-5.7507209,-35.2990534
80,8700130001463,IVO NILSON LOPES DE MEDEIROS EIRELI,,2016-09-09,2010-09-13,4784900,RUA,SAO LUIZ,SN,NOVO AMARANTE,SAO GONCALO DO AMARANTE,59290000,RN,IVOLOPES@GRUPOSAOTOME.COM.BR,65,0,5,0,,,,,,0,0,0,0.0,-5.7723512,-35.2722013
81,9147121000135,CAIXA ESCOLAR DA ESCOLA MUNICIPAL PROFA. MARIA MIRTES DA SILVA ARAUJO,ESCOLA MUNICIPAL PROFA. MARIA MIRTES DA SILVA ARAUJO,2019-01-05,2007-07-10,8599699,RUA,CEL. TRAJANO,S/N,CENTRO,SAO JOSE DE MIPIBU,59162000,RN,smecd@yahoo.com.br,16,0,5,0,,,N,,,0,0,0,0.0,-6.074963299999999,-35.238652
82,9373580000137,SUPERCOP ZONA SUL EIRELI,,2005-04-30,1985-08-13,4712100,AVENIDA,AYRTON SENNA,1404,NOVA PARNAMIRIM,PARNAMIRIM,59151600,RN,zonasul_setorcontabil@yahoo.com.br,65,100000,5,0,,,N,,,0,0,3,0.0,-5.885622499999999,-35.1999616
83,9373580000218,SUPERCOP ZONA SUL EIRELI,,2005-04-30,1993-05-10,4712100,RUA,GOV. DINARTE MARIZ,1411,CENTRO,MACAIBA,59280000,RN,,65,0,5,0,,,,,,0,0,0,0.0,-5.8541181,-35.3582648
84,10944608000128,M & W COMPLEXO DESPORTIVO LTDA,W & M FITNESS,2016-06-10,2009-07-02,9313100,AVENIDA,SENADOR SALGADO FILHO,3010,CANDELARIA,NATAL,59066800,RN,ana.rolin@terra.com.br,49,60000,3,5,2009-07-02,,N,,,0,0,0,0.0,-5.8472707,-35.2092111
85,11351782000120,CAIXA ESCOLAR DA CRECHE MUNICIPAL DE PAU BRASIL,CAIXA ESCOLAR DA CRECHE MUNICIPAL DE PAU BRASIL,2019-02-21,2009-10-26,8550301,RUA,MANGABEIRAS,SN,PAU BRASIL,SAO JOSE DE MIPIBU,59162000,RN,eteconp@ig.com.br,16,0,5,0,,,N,,,0,0,1,0.0,-6.0491717,-35.2588649
86,11683037000188,SUPERCOP LOGISTICA LTDA,,2015-10-22,2010-02-02,5211799,RUA,DOS POTIGUARES,2538,LAGOA NOVA,NATAL,59064280,RN,andrea@consultoriaprime.com.br,49,50000,5,0,,,N,,,0,0,4,0.0,-5.8277093,-35.2269098
87,12605876000140,ESTATUTO DO CAIXA ESCOLAR DO C.E.M.E.I - CENTRO MUNICIPAL DE EDUCACAO INFANTIL PROFESSORA URACINDA DE MEDEIROS BARBOSA,C. E.M.E.I,2019-01-05,2010-09-15,8550301,AVENIDA,SENADOR JOAO CAMARA,610,CENTRO,SAO JOSE DE MIPIBU,59162000,RN,tuliobfreire@hotmail.com,16,0,5,0,,,N,,,0,0,2,0.0,-6.063777,-35.2535481
88,12689295000134,FLOR E OLIVEIRA LTDA,,2000-12-09,1987-07-24,4731800,AVENIDA,EUSTAQUIO ALVES DE FARIAS,75,FERREIRO TORTO,MACAIBA,59280000,RN,SACMACAIBA@POSTOAMIGO.COM,49,0,1,0,,,N,,,8,0,7,5.0,-5.778889599999999,-35.3285685
89,12689295000215,FLOR E OLIVEIRA LTDA,,2000-07-22,1997-02-14,4731800,AVENIDA,GOV. TARCISIO DE VASCONCELOS MAIA,1450,CANDELARIA,NATAL,59065780,RN,CONTASAPAGAR@POSTOAMIGO.COM,49,0,1,0,,,,,,3,0,7,3.3333333333333304,-5.8375146,-35.226999
90,12689295000304,FLOR E OLIVEIRA LTDA,,2002-09-06,2002-09-06,4731800,AVENIDA,ANTONIO ALVES PESSOA,1945,CENTRO,BREJINHO,59219000,RN,postointregracao@digi.com.br,49,0,1,0,,,,,,0,0,5,1.6666666666666698,-6.1934648,-35.3603045
91,12689295000487,FLOR E OLIVEIRA LTDA,,2007-10-10,2007-10-10,4731800,AVENIDA,SENADOR SALGADO FILHO,2840,LAGOA NOVA,NATAL,59076000,RN,CONTASAPAGAR@POSTOAMIGO.COM,49,0,1,0,,,,,,0,0,8,2.6666666666666696,-5.8199614,-35.2077762
92,12689295000568,FLOR E OLIVEIRA LTDA,POSTO SANTA CLARA,2011-09-23,2011-09-23,4731800,RUA,GENEZIO TOMAZ,1220,CENTRO,LAGOA SALGADA,59247000,RN,relacionamento@aziendaltda.com.br,49,0,1,0,,,,,,1,0,5,2.0,-6.1217065,-35.4670719
93,12689295000649,FLOR E OLIVEIRA LTDA,POSTO AMIGO,2013-11-28,2013-11-28,4731800,RODOVIA,RN 317 SITIO OLARIA,12,BREJINHO,BREJINHO,59219000,RN,POSTOAMIGO@POSTOAMIGO.COM,49,0,1,0,,,,,,0,0,6,2.0,-6.1855395,-35.3522297
94,12689295000720,FLOR E OLIVEIRA LTDA,POSTO SAO CRISTOVAO,2014-07-09,2014-07-09,4731800,RUA,DR PEDRO MATOS,646,AUTA DE SOUZA,MACAIBA,59280000,RN,postosaocristovao@hotmail.com,49,0,1,0,,,,,,0,0,5,1.6666666666666698,-5.8580625,-35.3407553
95,12709383000150,CAIXA ESCOLAR DO CENTRO MUNICIPAL DE EDUCACAO INFANTIL PROF MARIO ALEXANDRE DO MONTE,,2019-02-21,2010-10-13,8550301,AVENIDA,MOIZANIEL DE CARVALHO,SN,CENTRO,SAO JOSE DE MIPIBU,59162000,RN,tuliobfreire@hotmail.com,16,0,5,0,,,N,,,0,0,2,0.0,-6.0664926,-35.2467887
96,12778951000175,CAIXA ESCOLAR DO CENTRO MUNICIPAL DE EDUCACAO INFANTIL PROFESSORA TEREZINHA ALVE FERREIRA,,2019-02-21,2010-10-22,8550301,RUA,VEREDAS DO PIUM,SN,BAIRRO NOVO,SAO JOSE DE MIPIBU,59162000,RN,tuliobfreire@hotmail.com,16,0,5,0,,,N,,,0,0,2,0.0,-6.0583829,-35.2285836
97,13973076000145,CABO COMUNICACOES LTDA,,2018-06-05,2011-07-06,6141800,AVENIDA,ANTONIO BASILIO,3006,LAGOA NOVA,NATAL,59056400,RN,thiago_wanderley@hotmail.com,49,200000,5,0,,,N,,,0,0,2,0.0,-5.8129032,-35.2126441
98,14100428000110,CELTIME TELEFONIA E INFORMATICA LTDA,DJ LANCHES,2011-08-11,2011-08-11,5611203,RUA,DOM FRANCISCO DE ALMEIDA,14A,PITIMBU,NATAL,59069360,RN,janeidebezerril2010@hotmail.com,49,10000,1,5,2011-08-11,,S,,,0,0,5,1.6666666666666698,-5.8464709,-35.24391749999999
99,14104393000198,ALPHA SERVICOS E CONSTRUCOES LTDA,ALFHA SERVICOS E CONSTRUCOES,2011-08-10,2011-08-10,4120400,ESTRADA,RN 313,82,CAJUPIRANGA,PARNAMIRIM,59156400,RN,ALPHA.SERCONS@GMAIL.COM,49,1600000,1,5,2019-01-01,,N,,,0,0,21,7.0,-5.9416051,-35.2510818
100,16693177000150,MARCELO TAVARES AFONSO FONSECA EIRELI,M&M DISTRIBUIDORA,2012-08-14,2012-08-14,4729699,ESTRADA,ET LAGOA DO BONFIM,100,ZONA RURAL,NISIA FLORESTA,59164000,RN,MMSERVICOSEIRELLI@GMAIL.COM,65,93700,1,5,2018-01-01,,N,,,2,0,12,4.66666666666667,-6.0515361,-35.2011079
101,16693177000231,MARCELO TAVARES AFONSO FONSECA EIRELI,,2018-03-19,2018-03-19,4729699,RUA,TEREZA BEZERRA SALUSTINO,143,LAGOA NOVA,NATAL,59075225,RN,FINANCEIRO@SUPRINOR.COM.BR,65,0,1,5,2018-01-01,,,,,0,0,12,4.0,-5.8240902,-35.2040716
102,16900130000110,CIDADE JARDIM URBANISMO LTDA,,2012-08-28,2012-08-28,4110700,AVENIDA,PRUDENTE DE MORAIS,744,TIROL,NATAL,59020510,RN,CONTATO@PAXURBANISMO.COM.BR,5,100000,5,0,,,N,,,0,0,3,0.0,-5.7939395,-35.2035166
103,17384498000136,WESTFORT SEGURANCA PRIVADA LTDA,WESTFORT SEGURANCA PRIVADA,2018-11-07,2013-01-07,8011101,RUA,FORTE DOS REIS MAGOS,1315,NOSSA SENHORA DE NAZARE,NATAL,59062150,RN,DIRETORIA@PILARESCONTABILIDADE.COM.BR,49,150000,1,0,,,N,,,0,0,0,0.0,-5.8196752,-35.22672360000001
104,17579060000103,MRE TELECOM TELECOMUNICAÇÕES EIRELI,MRE TELECOM,2013-02-08,2013-02-08,7490104,RUA,LEONEL LEITE,1377,ALECRIM,NATAL,59037820,RN,TIMCJRN@GMAIL.COM,65,100000,1,5,2013-02-08,,N,,,1,0,3,0.33333333333333304,-5.7966221,-35.2191616
105,17579060000294,MRE TELECOM TELECOMUNICAÇÕES EIRELI,MRE TELECOM,2017-04-12,2015-04-17,7490104,AVENIDA,SENADOR SALGADO FILHO,2233,LAGOA NOVA,NATAL,59076000,RN,TIMCJRN@GMAIL.COM,65,0,1,5,2013-02-08,,,,,0,0,3,0.0,-5.8199614,-35.2077762
106,17579060000375,MRE TELECOM TELECOMUNICAÇÕES EIRELI,MRE TELECOM,2017-04-12,2015-08-12,7490104,RUA,LEONEL LEITE,1377,ALECRIM,NATAL,59037820,RN,TIMCJRN@GMAIL.COM,65,0,1,5,2013-02-08,,,,,0,0,3,0.0,-5.7966221,-35.2191616
107,17772184000100,C E M GOMES SERVICOS E EMPREENDIMENTOS LTDA,GOMESTUR,2013-03-01,2013-03-01,4924800,RUA,JOAO CRISTIANO DE LIMA,160,LINDA FLOR,ASSU,59650000,RN,ALMEIDACONTABILIDA@ASSUNET.COM.BR,49,500000,1,5,2013-03-01,,N,,,0,0,27,9.0,-5.483333,-36.9
108,18358076000159,CAIXA ESCOLAR DO CENTRO MUNICIPAL DE EDUCACAO INFANTIL ALMERINDA FERREIRA GOMES DE PAIVA,CEMEI ALMERINDA FERREIRA GOMES DE PAIVA,2019-03-21,2013-06-11,8550301,RUA,VICE PREFEITO MANOEL GOMES DE LIMA,3000,ZONA RURAL,SAO JOSE DE MIPIBU,59162000,RN,tuliobfreire@hotmail.com,16,0,5,0,,,N,,,0,0,0,0.0,-6.0090718,-35.3581613
109,18695347000161,BRENA VIEIRA LIRA CAVALCANTE EIRELI,BRENA VIEIRA EIRELI,2013-08-05,2013-08-05,4711302,RUA,HILARIO SILVA,08,ABOLICAO I,MOSSORO,59611240,RN,BV.LICITACOES@GMAIL.COM,65,100000,3,0,,,N,,,8,0,24,10.6666666666667,-5.1761948,-37.3513496
110,22664168000134,HARAS G.G LTDA,,2015-06-16,2015-06-16,151201,RUA,PAPAGAIO,S/N,ZONA RURAL,VERA CRUZ,59184000,RN,ZONASUL_SETORCONTABIL@YAHOO.COM.BR,49,5000,1,5,2015-06-16,,N,,,0,0,10,3.3333333333333304,-6.0251493,-35.46723679999999
111,23656145000140,ULISSIA KARLENY DA CUNHA EIRELI,CUNHA INCORPORACOES,2015-11-12,2015-11-12,4120400,RUA,AMAZONAS,805,LOT GUARARAPES,CEARA-MIRIM,59570000,RN,KSTRANSPORTES_ME@HOTMAIL.COM,65,93700,1,0,,,N,,,0,0,6,2.0,-5.6573423,-35.4230829
112,23750879000194,NATAL PERSONAL CAR CONSULTORIA AUTOMOTIVA LTDA,NATAL PERSONAL CAR,2015-11-27,2015-11-27,4530703,AVENIDA,ABEL CABRAL,2530,NOVA PARNAMIRIM,PARNAMIRIM,59151250,RN,NATALPERSONALCARNATAL@GMAIL.COM,49,60000,1,5,2015-11-27,,N,,,0,0,9,3.0,-5.878256299999999,-35.2095051
113,24415659000177,MS LOCACOES E SERVICOS LTDA,MS LOCACOES E SERVICOS,2016-03-18,2016-03-18,4924800,RUA,JOAO XAVIER PEREIRA SOBRAL,433,PLANALTO,CEARA-MIRIM,59570000,RN,MSTRANSPORTES.EPP@GMAIL.COM,49,100000,3,5,2017-01-01,,N,,,0,0,21,7.0,-5.650983399999999,-35.4217803
114,24961936000147,SPE CONDOMINIO GARAGEM AGUAS DE TABATINGA LTDA,,2016-06-08,2016-06-08,4110700,AVENIDA,MONSENHOR ANTONIO BARROS,S/N,PRAIA DE CAMURUPIM,NISIA FLORESTA,59164000,RN,RODRIGORENOLDE@HOTMAIL.COM,49,550000,5,0,,,N,,,0,0,0,0.0,-6.076832899999999,-35.1008385
115,25390171000103,COAP-RN COOPERATIVA DE PRODUCAO DOS ASSENTAMENTOS,COAP-RN,2019-04-15,2016-08-04,4712100,RUA,JOAO XAVIER PEREIRA SOBRAL,1086,PACIFICA,CEARA-MIRIM,59570000,RN,ELENILDEANGELA21@GMAIL.COM,16,1450,5,0,,,N,,,0,0,22,7.33333333333333,-5.650983399999999,-35.4217803
116,31582699000179,CAIXA ESCOLAR DO CENTRO MUNICIPAL DE EDUCACAO INFANTIL PEDRO VITORINO DE MELO,CMEI PEDRO VITORINO DE MELO,2018-07-16,2018-07-16,8550301,RUA,PRINCIPAL,295,LARANJEIRAS DO ABDIAS,SAO JOSE DE MIPIBU,59162000,RN,ANAAMSF@GMAIL.COM,16,0,5,0,,,N,,,0,0,2,0.0,-6.1609057,-35.3130388
117,32150561000163,E D T ACADEMY SOCCER SPE LTDA,PSG ACADEMY NATAL,2018-11-30,2018-11-30,8591100,ALAMEDA,DOS BOSQUES,680,PARQUE DO JIQUI,PARNAMIRIM,59153155,RN,DIRETORIA@PILARESCONTABILIDADE.COM.BR,49,200000,1,5,2018-11-30,,N,,,0,0,4,0.0,-5.9048193,-35.1963049
118,32231434000199,ARENA SOCCER CHAMPIONS LTDA,,2018-12-11,2018-12-11,9311500,ALAMEDA,DOS BOSQUES,680,PARQUE DO JIQUI,PARNAMIRIM,59153155,RN,FISCAL@PILARESCONTABILIDADE.COM.BR,49,100000,1,0,,,N,,,0,0,4,0.0,-5.9048193,-35.1963049
119,40997595000116,ASSOCIACAO DE APOIO DO PROJETO SANTA AGUEDA 2 IRRIGADO,APSA,2007-03-29,1993-07-01,9430800,RUA,CENTRAL,18,SANTA AGUEDA,CEARA-MIRIM,59570000,RN,SANTAAGUEDA2@GMAIL.COM,16,0,5,0,,,N,,,0,0,1,0.0,-5.6332258,-35.4253703
